lr,hidden,batch_size,dropout,trial_num,best_val_f1
0.003,1024,8,0.5,1,0.6587878787878788
0.002,2048,16,0.6,2,0.7134735645252984
0.002,2048,16,0.3,3,0.7790393013100436
0.001,2048,8,0.5,4,0.784070796460177
0.002,4096,8,0.5,5,0.7171517377790336
0.001,4096,8,0.5,6,0.7888755980861244
0.001,4096,16,0.5,7,0.8034390750074119
0.001,8192,8,0.5,8,0.7757117954677513
